"0","tar_make()
"
"1",""
"1",""
"1","-"
"1",""
"1",""
"1",""
"1",""
"1","\"
"1",""
"1",""
"1",""
"1",""
"1","|"
"1",""
"1",""
"1",""
"1",""
"1","/"
"1",""
"1",""
"1",""
"1",""
"1","-"
"1",""
"1",""
"1","[31m[32mâœ“[31m skip target sids_file
[39m"
"1",""
"1",""
"1","\"
"1",""
"1",""
"1","[31m[32mâœ“[31m skip target metro_of_sids
[39m"
"1",""
"1",""
"1","|"
"1",""
"1",""
"1","[31m[32mâœ“[31m skip target ethn_race_of_sids
[39m"
"1",""
"1",""
"1","/"
"1",""
"1",""
"1","[31m[32mâœ“[31m skip target sids_without_pop_est_raw
[39m"
"1",""
"1",""
"1","-"
"1",""
"1",""
"1","[31m[32mâœ“[31m skip target sids_pop_est_and_polygons
[39m"
"1",""
"1",""
"1","\"
"1",""
"1",""
"1","[31m[32mâœ“[31m skip target sids
[39m"
"1",""
"1",""
"1","|"
"1",""
"1",""
"1","[31m[32mâœ“[31m skip target raincloud_of_black_by_sids_present
[39m"
"1",""
"1",""
"1","/"
"1",""
"1",""
"1","[31m[32mâœ“[31m skip target raincloud_of_white_by_sids_present
[39m"
"1",""
"1",""
"1","-"
"1",""
"1",""
"1","[31m[32mâœ“[31m skip target nb_model_of_sids
[39m"
"1",""
"1",""
"1","\"
"1",""
"1",""
"1","[31m[32mâœ“[31m skip target lm_model_of_sids
[39m"
"1",""
"1",""
"1","|"
"1",""
"1",""
"1","[31m[32mâœ“[31m skip target table_of_vars_by_sids_present
[39m"
"1",""
"1",""
"1","/"
"1",""
"1",""
"1","[31m[32mâœ“[31m skip target raincloud_of_svi_socioeconomic_by_sids_present
[39m"
"1",""
"1",""
"1","-"
"1",""
"1",""
"1","[31m[34mâ€¢[31m start target rootogram_table
[39m"
"1",""
"1",""
"1","\"
"1",""
"1",""
"1",""
"1",""
"1","|"
"1",""
"1",""
"1",""
"1",""
"1","/"
"1",""
"1",""
"1",""
"1",""
"1","-"
"1",""
"1",""
"1","[31m[32mâ€¢[31m built target rootogram_table
[39m"
"1",""
"1",""
"1","\"
"1",""
"1",""
"1","[31m[34mâ€¢[31m end pipeline: 0.953 seconds
[39m"
"1",""
"1",""
"1","|"
"1",""
"1",""
"1",""
"1",""
"1","/"
"1",""
"1",""
"1"," "
